                  epoch,         train/box_loss,         train/cls_loss,         train/dfl_loss,   metrics/precision(B),      metrics/recall(B),       metrics/mAP50(B),    metrics/mAP50-95(B),           val/box_loss,           val/cls_loss,           val/dfl_loss,                 lr/pg0,                 lr/pg1,                 lr/pg2
                      1,                  1.123,                 2.6597,                 1.6086,                0.20586,                0.27096,                0.19767,                 0.0776,                 2.0914,                 3.5665,                  2.682,              0.0002352,              0.0002352,              0.0002352
                      2,                 1.1279,                 2.2009,                 1.5825,                 0.1334,                0.27939,                0.18082,                0.10161,                 1.8836,                 3.7813,                  2.521,             0.00047086,             0.00047086,             0.00047086
                      3,                 1.1865,                 2.2376,                 1.6152,                0.14425,                 0.1117,                 0.0913,                0.05831,                 2.2229,                 80.493,                 2.7889,             0.00070416,             0.00070416,             0.00070416
                      4,                 1.1859,                 2.2176,                 1.6169,                0.14471,                0.28998,                0.19835,                0.08564,                 2.0782,                  3.132,                 2.6616,              0.0007034,              0.0007034,              0.0007034
                      5,                 1.1611,                 2.1494,                 1.5999,                0.35818,                0.29099,                0.24046,                0.13176,                 1.9546,                 2.8467,                 2.4796,              0.0007034,              0.0007034,              0.0007034
                      6,                 1.1129,                 2.1103,                 1.5503,                0.44786,                0.26205,                0.25512,                0.12879,                 1.9468,                 3.1748,                 2.4787,             0.00069986,             0.00069986,             0.00069986
                      7,                  1.114,                 2.0132,                 1.5449,                0.53861,                0.28255,                0.29196,                0.17019,                 1.8731,                 2.7599,                 2.4514,             0.00069633,             0.00069633,             0.00069633
                      8,                 1.0347,                 1.8483,                 1.4952,                0.27476,                0.39285,                   0.34,                0.19307,                 1.8072,                 2.5708,                 2.3412,             0.00069279,             0.00069279,             0.00069279
                      9,                 1.0295,                 1.8499,                 1.4852,                0.61025,                 0.2874,                0.35856,                0.18675,                 1.9451,                 2.5957,                 2.4601,             0.00068926,             0.00068926,             0.00068926
                     10,                 1.0292,                 1.8219,                 1.4843,                0.55582,                0.35209,                0.40754,                0.23696,                 1.7201,                 2.4289,                 2.2346,             0.00068573,             0.00068573,             0.00068573
                     11,                0.98001,                 1.7331,                 1.4606,                0.42159,                0.32416,                0.30206,                0.17037,                 1.8858,                 2.6394,                 2.3597,             0.00068219,             0.00068219,             0.00068219
                     12,                 1.0072,                 1.7139,                 1.4731,                0.32691,                0.37472,                0.34741,                0.20195,                 1.8794,                 2.4525,                 2.3135,             0.00067866,             0.00067866,             0.00067866
                     13,                0.98243,                  1.667,                 1.4486,                0.59722,                 0.4352,                0.46051,                0.26906,                 1.6902,                 2.3248,                 2.1903,             0.00067512,             0.00067512,             0.00067512
                     14,                0.96273,                 1.5949,                  1.431,                0.57943,                0.40695,                0.39595,                0.22556,                   1.75,                 2.4719,                 2.2519,             0.00067159,             0.00067159,             0.00067159
                     15,                0.94993,                  1.576,                 1.4127,                0.39057,                0.34702,                0.34205,                0.19718,                  1.683,                 2.6541,                 2.1026,             0.00066805,             0.00066805,             0.00066805
                     16,                0.93278,                 1.5718,                  1.421,                0.54531,                0.42612,                 0.4364,                0.23265,                 1.8179,                 2.2863,                 2.3211,             0.00066452,             0.00066452,             0.00066452
                     17,                0.91304,                 1.5279,                 1.3978,                0.49778,                 0.4884,                0.45552,                0.25933,                 1.7464,                 2.1303,                 2.1515,             0.00066099,             0.00066099,             0.00066099
                     18,                0.89733,                 1.4842,                 1.3769,                 0.5544,                0.47661,                0.47758,                0.27462,                 1.6882,                 2.2268,                 2.2201,             0.00065745,             0.00065745,             0.00065745
                     19,                0.88539,                 1.4697,                 1.3946,                0.45236,                0.46082,                0.46997,                0.27724,                 1.7623,                  2.003,                 2.1743,             0.00065392,             0.00065392,             0.00065392
                     20,                0.91203,                 1.4192,                 1.3883,                0.61031,                0.43755,                0.50478,                0.29361,                 1.7206,                 1.9083,                 2.1908,             0.00065038,             0.00065038,             0.00065038
                     21,                0.89487,                 1.4101,                 1.3786,                0.53351,                0.44056,                0.48906,                0.29245,                 1.6598,                 2.0904,                 2.1004,             0.00064685,             0.00064685,             0.00064685
                     22,                0.89038,                 1.3581,                 1.3756,                0.64867,                0.44735,                0.52108,                0.28297,                 1.6932,                 1.9223,                 2.1547,             0.00064331,             0.00064331,             0.00064331
                     23,                0.87399,                 1.3629,                 1.3621,                0.53524,                0.52013,                0.55533,                0.32767,                 1.6539,                 1.8512,                  2.183,             0.00063978,             0.00063978,             0.00063978
                     24,                0.85601,                 1.2959,                 1.3514,                0.48442,                0.51138,                0.49271,                0.25445,                 1.7728,                 1.9841,                 2.2308,             0.00063625,             0.00063625,             0.00063625
                     25,                 0.8545,                 1.2791,                 1.3501,                0.51671,                0.44501,                0.47755,                0.25834,                 1.6567,                 1.9603,                  2.106,             0.00063271,             0.00063271,             0.00063271
                     26,                0.83881,                  1.258,                 1.3335,                0.69744,                0.41991,                0.53247,                 0.3124,                 1.6432,                 1.9606,                  2.113,             0.00062918,             0.00062918,             0.00062918
                     27,                0.82657,                 1.2374,                 1.3232,                0.69104,                 0.4426,                0.57152,                 0.3384,                 1.6481,                 1.7614,                 2.0864,             0.00062564,             0.00062564,             0.00062564
                     28,                0.87208,                 1.2815,                   1.36,                0.58634,                0.55095,                 0.5803,                0.32506,                 1.7292,                 1.7055,                 2.1099,             0.00062211,             0.00062211,             0.00062211
                     29,                 0.8179,                 1.1663,                 1.3157,                0.49105,                0.54441,                0.55915,                0.31419,                 1.6809,                 1.8034,                 2.1488,             0.00061857,             0.00061857,             0.00061857
                     30,                0.82746,                 1.2058,                 1.3262,                0.60197,                0.52461,                0.55693,                0.32153,                 1.7115,                 1.7622,                 2.1335,             0.00061504,             0.00061504,             0.00061504
                     31,                0.82468,                 1.1936,                 1.3252,                0.54175,                 0.4675,                0.50516,                0.28919,                 1.7409,                 1.8737,                  2.205,             0.00061151,             0.00061151,             0.00061151
                     32,                0.78545,                 1.1754,                  1.304,                0.53503,                0.47363,                0.52541,                0.30947,                 1.7561,                 2.1657,                 2.2554,             0.00060797,             0.00060797,             0.00060797
                     33,                0.80899,                 1.1526,                 1.3141,                0.65678,                0.56982,                 0.6324,                 0.3731,                 1.6039,                 1.6852,                  2.052,             0.00060444,             0.00060444,             0.00060444
                     34,                0.80413,                  1.123,                 1.3162,                0.56171,                0.45564,                0.52192,                 0.3148,                  1.689,                  1.949,                 2.1711,              0.0006009,              0.0006009,              0.0006009
                     35,                0.78913,                 1.1163,                 1.2969,                0.59654,                0.51547,                0.55907,                0.32878,                 1.6864,                 1.9161,                 2.1054,             0.00059737,             0.00059737,             0.00059737
                     36,                0.79544,                 1.1176,                 1.2976,                0.70231,                0.45304,                 0.5904,                 0.3328,                 1.7043,                 1.6728,                 2.1745,             0.00059383,             0.00059383,             0.00059383
                     37,                0.79069,                 1.0623,                 1.2932,                0.62705,                0.52676,                  0.604,                0.33263,                 1.6593,                 1.5309,                 2.1057,              0.0005903,              0.0005903,              0.0005903
                     38,                0.78657,                 1.0507,                 1.2815,                 0.6675,                 0.4304,                0.57479,                0.32583,                 1.6942,                 1.9203,                 2.0934,             0.00058677,             0.00058677,             0.00058677
                     39,                0.76164,                 1.0402,                 1.2667,                0.64751,                0.53608,                0.61785,                0.34321,                 1.6881,                 1.5682,                 2.1362,             0.00058323,             0.00058323,             0.00058323
                     40,                0.77967,                 1.0461,                 1.2849,                0.68501,                0.53055,                0.58703,                0.33245,                 1.7448,                 1.6824,                 2.1739,              0.0005797,              0.0005797,              0.0005797
                     41,                0.77506,                 1.0346,                  1.278,                0.52327,                0.61293,                0.60826,                0.33293,                 1.6452,                 1.4853,                 2.0695,             0.00057616,             0.00057616,             0.00057616
                     42,                0.78063,                 1.0725,                 1.2945,                0.65545,                0.49244,                0.58139,                0.33904,                 1.6988,                 1.6304,                 2.2074,             0.00057263,             0.00057263,             0.00057263
                     43,                0.75393,                 1.0092,                 1.2735,                0.59325,                0.49611,                0.54939,                  0.325,                 1.6675,                 1.9023,                 2.1404,             0.00056909,             0.00056909,             0.00056909
                     44,                0.76382,                 1.0074,                  1.267,                 0.5492,                0.54867,                0.58167,                0.33658,                 1.6364,                 1.8121,                 2.0755,             0.00056556,             0.00056556,             0.00056556
                     45,                0.74467,                0.99517,                 1.2631,                0.65347,                0.57966,                0.58533,                0.32787,                 1.7223,                 1.6231,                 2.1361,             0.00056203,             0.00056203,             0.00056203
                     46,                 0.7529,                 1.0029,                 1.2655,                0.61071,                0.50483,                0.57827,                0.33295,                 1.6659,                 1.6923,                 2.0922,             0.00055849,             0.00055849,             0.00055849
                     47,                0.76529,                 1.0112,                 1.2821,                0.60517,                0.58071,                0.62033,                0.35965,                 1.6649,                 1.6792,                 2.0774,             0.00055496,             0.00055496,             0.00055496
                     48,                0.74569,                0.95568,                 1.2562,                0.62121,                0.42519,                0.52858,                 0.3156,                  1.696,                  1.801,                 2.2358,             0.00055142,             0.00055142,             0.00055142
                     49,                0.70805,                 0.9198,                  1.239,                0.48355,                0.62694,                0.60839,                0.35909,                 1.7044,                 1.5636,                 2.1218,             0.00054789,             0.00054789,             0.00054789
                     50,                0.70663,                0.90117,                 1.2289,                0.68421,                0.52077,                0.60298,                0.32571,                 1.7197,                 1.6633,                 2.1372,             0.00054435,             0.00054435,             0.00054435
                     51,                0.73231,                 0.9151,                 1.2455,                0.72571,                0.53313,                0.62449,                0.36434,                 1.7181,                 1.7681,                 2.2149,             0.00054082,             0.00054082,             0.00054082
                     52,                0.71314,                0.89802,                 1.2429,                  0.632,                0.56929,                0.60161,                0.34422,                 1.7025,                  1.757,                 2.1575,             0.00053728,             0.00053728,             0.00053728
                     53,                0.70447,                0.89898,                 1.2321,                0.63509,                0.59511,                0.63687,                0.36744,                 1.7149,                 1.5105,                 2.1952,             0.00053375,             0.00053375,             0.00053375
                     54,                0.71034,                0.88411,                 1.2335,                0.65521,                0.48814,                0.56991,                0.34323,                 1.6967,                 1.7741,                 2.1209,             0.00053022,             0.00053022,             0.00053022
                     55,                0.69346,                0.86961,                 1.2225,                0.55581,                0.54357,                0.58024,                0.33611,                 1.7017,                  1.773,                 2.1786,             0.00052668,             0.00052668,             0.00052668
                     56,                 0.6974,                0.88598,                 1.2375,                0.66266,                0.52785,                0.61173,                 0.3346,                 1.7783,                 1.5959,                 2.2153,             0.00052315,             0.00052315,             0.00052315
                     57,                0.69439,                0.86859,                 1.2278,                0.60956,                0.56805,                0.60225,                0.33634,                  1.766,                 1.7853,                 2.2028,             0.00051961,             0.00051961,             0.00051961
                     58,                0.69122,                0.84373,                 1.2231,                0.70001,                0.59365,                0.65174,                0.37938,                 1.7519,                 1.5916,                 2.1972,             0.00051608,             0.00051608,             0.00051608
                     59,                0.68078,                0.85368,                 1.2127,                 0.6204,                0.56436,                0.56305,                0.31572,                 1.7607,                 1.7306,                 2.2295,             0.00051254,             0.00051254,             0.00051254
                     60,                0.70087,                0.85161,                 1.2259,                0.69996,                0.48708,                0.60351,                0.34403,                 1.7289,                 1.6786,                 2.2416,             0.00050901,             0.00050901,             0.00050901
                     61,                0.67837,                0.81561,                 1.2089,                0.59109,                0.58865,                0.61002,                0.35281,                 1.6956,                 1.6563,                 2.1378,             0.00050548,             0.00050548,             0.00050548
                     62,                0.67919,                0.80597,                 1.2086,                0.56382,                0.64016,                0.61132,                0.37291,                 1.7421,                 1.7225,                 2.1768,             0.00050194,             0.00050194,             0.00050194
                     63,                0.65667,                0.78208,                 1.1851,                0.68315,                0.57752,                0.64672,                0.37787,                 1.7658,                 1.5989,                  2.272,             0.00049841,             0.00049841,             0.00049841
                     64,                0.65539,                0.78918,                 1.1993,                0.67576,                 0.5583,                0.61923,                0.36916,                 1.6764,                 1.6762,                  2.184,             0.00049487,             0.00049487,             0.00049487
                     65,                0.66964,                0.78043,                  1.201,                0.56864,                0.54998,                 0.6043,                0.35618,                 1.6512,                 1.7649,                 2.0932,             0.00049134,             0.00049134,             0.00049134
                     66,                0.67402,                0.81038,                 1.2128,                0.70416,                0.43592,                0.55014,                0.33599,                 1.7589,                  1.899,                 2.2498,              0.0004878,              0.0004878,              0.0004878
                     67,                0.64394,                0.76959,                 1.1858,                0.68194,                0.52351,                0.60307,                0.32404,                 1.7916,                 1.5542,                 2.2466,             0.00048427,             0.00048427,             0.00048427
                     68,                0.65969,                0.77247,                 1.2014,                0.66713,                0.47845,                0.57745,                0.33326,                 1.7318,                 1.8363,                 2.2206,             0.00048074,             0.00048074,             0.00048074
                     69,                0.64422,                0.74256,                 1.1798,                0.74445,                0.52215,                0.60439,                0.35091,                 1.7824,                 1.9982,                 2.2549,              0.0004772,              0.0004772,              0.0004772
                     70,                0.65896,                 0.7752,                 1.1916,                0.64246,                0.53068,                0.60844,                0.36009,                 1.6988,                 1.7844,                  2.224,             0.00047367,             0.00047367,             0.00047367
                     71,                0.63398,                0.75514,                 1.1865,                0.63374,                0.59948,                0.61746,                0.34878,                 1.7068,                 1.8456,                  2.204,             0.00047013,             0.00047013,             0.00047013
                     72,                  0.656,                0.73104,                 1.1842,                0.57663,                0.60131,                 0.6156,                0.36931,                 1.7284,                 1.7352,                 2.2262,              0.0004666,              0.0004666,              0.0004666
                     73,                0.64019,                0.74257,                 1.1871,                 0.7774,                0.47786,                0.60714,                0.36942,                 1.7211,                 1.7652,                 2.2094,             0.00046306,             0.00046306,             0.00046306
                     74,                 0.6413,                0.74752,                 1.1909,                0.66004,                0.53993,                0.59299,                0.34858,                 1.7096,                   1.88,                 2.2429,             0.00045953,             0.00045953,             0.00045953
                     75,                0.63043,                0.73303,                 1.1787,                0.76834,                0.51652,                 0.6314,                0.35607,                 1.7209,                 1.6977,                 2.2081,               0.000456,               0.000456,               0.000456
                     76,                0.61103,                0.71474,                 1.1682,                0.71283,                0.56759,                0.63531,                0.36513,                 1.7444,                 1.7398,                 2.2517,             0.00045246,             0.00045246,             0.00045246
                     77,                0.61397,                0.71103,                 1.1666,                0.67776,                0.56426,                0.64498,                0.35133,                 1.7974,                 1.7911,                 2.3089,             0.00044893,             0.00044893,             0.00044893
                     78,                0.61598,                 0.7102,                 1.1643,                0.77975,                0.45332,                0.58775,                0.35832,                 1.7504,                 1.8619,                 2.3026,             0.00044539,             0.00044539,             0.00044539
                     79,                0.61568,                0.68211,                 1.1581,                0.62343,                0.61889,                0.63594,                0.35924,                 1.7333,                 1.7768,                 2.2767,             0.00044186,             0.00044186,             0.00044186
                     80,                0.60211,                0.67812,                  1.153,                0.67376,                0.51736,                0.58727,                0.35669,                 1.6945,                 1.7952,                 2.2428,             0.00043832,             0.00043832,             0.00043832
                     81,                0.60299,                0.67055,                 1.1484,                0.66968,                0.53677,                0.62504,                 0.3574,                 1.7628,                 1.8222,                 2.3081,             0.00043479,             0.00043479,             0.00043479
                     82,                0.60568,                0.69484,                 1.1565,                0.66091,                 0.5928,                0.66116,                0.34994,                 1.7491,                 1.7359,                  2.231,             0.00043126,             0.00043126,             0.00043126
                     83,                0.58423,                0.65164,                 1.1333,                0.60802,                0.52941,                0.58262,                 0.3437,                 1.8059,                 1.9114,                 2.3311,             0.00042772,             0.00042772,             0.00042772
                     84,                0.60519,                 0.6628,                 1.1537,                 0.7654,                0.50557,                0.61606,                0.34579,                 1.8128,                 1.8263,                 2.3692,             0.00042419,             0.00042419,             0.00042419
                     85,                0.59254,                0.64323,                 1.1451,                0.64681,                0.57121,                0.58728,                0.35083,                 1.7105,                 1.9087,                 2.2854,             0.00042065,             0.00042065,             0.00042065
                     86,                0.59128,                0.65622,                 1.1544,                0.63408,                0.53249,                0.56436,                0.33621,                 1.7627,                 1.9347,                 2.3352,             0.00041712,             0.00041712,             0.00041712
                     87,                0.59391,                0.64898,                 1.1423,                0.66823,                0.51997,                0.58674,                0.31391,                  1.787,                 1.8091,                 2.2641,             0.00041358,             0.00041358,             0.00041358
                     88,                0.58303,                0.65298,                 1.1447,                0.65867,                0.53844,                0.59953,                0.34684,                 1.7796,                 1.9149,                 2.2543,             0.00041005,             0.00041005,             0.00041005
                     89,                 0.5824,                0.63664,                 1.1363,                0.67175,                0.55879,                0.61224,                0.34839,                 1.8374,                 1.7222,                 2.4175,             0.00040652,             0.00040652,             0.00040652
                     90,                0.56513,                 0.6137,                 1.1278,                0.71463,                0.50972,                0.60358,                0.35555,                 1.7529,                 1.8946,                 2.2906,             0.00040298,             0.00040298,             0.00040298
                     91,                0.58392,                0.62042,                 1.1477,                0.59058,                 0.5652,                0.59998,                 0.3531,                 1.7641,                 1.7587,                 2.3577,             0.00039945,             0.00039945,             0.00039945
                     92,                0.57908,                0.62903,                 1.1351,                0.79348,                0.50671,                0.61694,                0.35613,                 1.7517,                 1.7918,                 2.3459,             0.00039591,             0.00039591,             0.00039591
                     93,                0.55759,                0.61122,                 1.1259,                0.60156,                0.57597,                0.60847,                0.36268,                 1.6904,                 1.8686,                 2.1795,             0.00039238,             0.00039238,             0.00039238
                     94,                0.55605,                0.59522,                 1.1209,                 0.6756,                0.53067,                0.61388,                0.36465,                 1.6853,                 1.7389,                 2.2285,             0.00038884,             0.00038884,             0.00038884
                     95,                0.55832,                0.60292,                 1.1268,                0.64746,                0.55894,                0.64056,                0.36606,                  1.704,                 1.7285,                 2.2563,             0.00038531,             0.00038531,             0.00038531
                     96,                0.56111,                0.61887,                 1.1301,                0.71119,                0.53775,                0.60779,                0.37776,                  1.647,                 1.8106,                 2.2193,             0.00038178,             0.00038178,             0.00038178
                     97,                0.55051,                 0.6013,                 1.1106,                0.82745,                0.46956,                0.62616,                0.37424,                 1.7515,                  1.864,                 2.3603,             0.00037824,             0.00037824,             0.00037824
                     98,                0.54559,                0.58264,                 1.1123,                0.63795,                0.59983,                 0.6226,                0.35149,                 1.7759,                 1.8049,                 2.4032,             0.00037471,             0.00037471,             0.00037471
                     99,                0.54565,                0.56991,                 1.1166,                0.65206,                 0.5873,                0.62702,                0.37853,                 1.6672,                  1.684,                 2.2176,             0.00037117,             0.00037117,             0.00037117
                    100,                0.53267,                0.57786,                 1.1093,                 0.7176,                0.52975,                0.60799,                0.35347,                  1.829,                 1.9069,                 2.4142,             0.00036764,             0.00036764,             0.00036764
                    101,                0.53396,                0.58827,                 1.1094,                0.63975,                0.57344,                0.61415,                0.36356,                 1.7689,                 1.8266,                 2.3202,              0.0003641,              0.0003641,              0.0003641
                    102,                0.52518,                0.57317,                 1.0959,                0.69563,                0.54076,                0.61323,                0.36531,                 1.6908,                 1.9653,                 2.2589,             0.00036057,             0.00036057,             0.00036057
                    103,                0.52458,                 0.5617,                 1.1079,                0.71437,                0.52037,                0.62354,                0.37297,                 1.7357,                 1.9151,                 2.3009,             0.00035704,             0.00035704,             0.00035704
                    104,                0.52074,                0.54387,                 1.1001,                0.66982,                0.56456,                0.62527,                0.36522,                 1.7731,                 1.8572,                 2.3088,              0.0003535,              0.0003535,              0.0003535
                    105,                0.52708,                0.55344,                 1.0973,                0.62598,                0.63593,                0.64121,                0.36304,                 1.7902,                 1.7829,                 2.4258,             0.00034997,             0.00034997,             0.00034997
                    106,                0.51485,                 0.5401,                 1.0854,                0.73748,                0.54764,                0.61476,                0.36943,                 1.7113,                 1.9348,                 2.3087,             0.00034643,             0.00034643,             0.00034643
                    107,                0.52787,                0.55966,                 1.0955,                0.74291,                0.55836,                0.63168,                0.39239,                 1.6687,                 1.8129,                 2.2204,              0.0003429,              0.0003429,              0.0003429
                    108,                  0.508,                0.54391,                 1.0911,                0.64699,                0.59432,                0.59953,                0.34267,                 1.7282,                 1.7803,                 2.3329,             0.00033936,             0.00033936,             0.00033936
                    109,                0.51224,                0.54002,                 1.0903,                0.79773,                0.51764,                0.62626,                 0.3651,                 1.7418,                 1.8173,                 2.3118,             0.00033583,             0.00033583,             0.00033583
                    110,                  0.506,                0.52696,                 1.0815,                0.72845,                0.57265,                0.64929,                0.35735,                 1.8516,                 1.6939,                 2.5033,              0.0003323,              0.0003323,              0.0003323
                    111,                0.52273,                0.53925,                 1.0954,                0.72381,                0.58383,                0.64223,                0.40008,                  1.715,                 1.7213,                 2.3168,             0.00032876,             0.00032876,             0.00032876
                    112,                0.50996,                0.53119,                 1.0856,                0.70224,                0.54023,                0.56343,                0.33774,                 1.8384,                 1.9795,                 2.4612,             0.00032523,             0.00032523,             0.00032523
                    113,                0.49918,                0.52382,                 1.0879,                0.70806,                0.52292,                0.61525,                0.36505,                 1.7275,                 1.8602,                 2.3683,             0.00032169,             0.00032169,             0.00032169
                    114,                0.49988,                0.53511,                 1.0829,                0.67838,                0.54304,                0.59706,                0.35018,                 1.7808,                 1.8374,                 2.3887,             0.00031816,             0.00031816,             0.00031816
                    115,                0.48386,                0.49344,                 1.0694,                0.72513,                0.57119,                0.62275,                0.37518,                 1.7798,                 1.8397,                 2.4775,             0.00031462,             0.00031462,             0.00031462
                    116,                0.48361,                0.50997,                  1.073,                0.78852,                0.54207,                0.63707,                0.37127,                 1.7621,                 1.9004,                 2.4029,             0.00031109,             0.00031109,             0.00031109
                    117,                0.47805,                0.49919,                 1.0715,                0.79765,                0.55533,                0.62302,                0.37445,                   1.62,                   1.79,                 2.2486,             0.00030756,             0.00030756,             0.00030756
                    118,                0.48993,                0.50237,                  1.074,                0.66261,                 0.5615,                0.61787,                0.37695,                 1.7031,                 1.9724,                 2.2607,             0.00030402,             0.00030402,             0.00030402
                    119,                0.48366,                0.50487,                 1.0677,                0.61827,                0.61081,                0.62765,                0.36177,                 1.7422,                   1.77,                 2.3803,             0.00030049,             0.00030049,             0.00030049
                    120,                 0.4771,                0.48989,                 1.0688,                0.70011,                0.55385,                0.62097,                0.37887,                 1.7608,                 1.7696,                 2.2864,             0.00029695,             0.00029695,             0.00029695
                    121,                0.47604,                0.49551,                 1.0653,                0.83818,                0.52962,                0.64112,                0.38743,                 1.7291,                 1.9505,                 2.3284,             0.00029342,             0.00029342,             0.00029342
                    122,                0.48143,                0.49509,                 1.0622,                 0.7773,                0.52465,                0.64306,                0.38064,                 1.7209,                 1.8277,                 2.4008,             0.00028988,             0.00028988,             0.00028988
                    123,                0.47165,                0.48867,                 1.0605,                0.66481,                0.55557,                0.63123,                0.36845,                 1.8108,                 2.0152,                  2.491,             0.00028635,             0.00028635,             0.00028635
                    124,                0.47546,                0.48114,                 1.0717,                0.72168,                0.50922,                0.60779,                0.37287,                 1.7576,                 1.9728,                 2.4138,             0.00028282,             0.00028282,             0.00028282
                    125,                0.46652,                0.48735,                 1.0652,                0.77816,                0.51885,                0.61733,                0.36286,                 1.7371,                 2.0095,                 2.3916,             0.00027928,             0.00027928,             0.00027928
                    126,                0.45793,                0.47838,                 1.0495,                0.62399,                0.62408,                0.63531,                0.36569,                  1.765,                 1.8784,                  2.418,             0.00027575,             0.00027575,             0.00027575
                    127,                0.45707,                0.46286,                 1.0506,                0.71529,                0.59769,                0.63649,                0.38929,                 1.7587,                 1.9865,                 2.4299,             0.00027221,             0.00027221,             0.00027221
                    128,                0.46027,                0.46435,                 1.0535,                0.82042,                0.53425,                0.62513,                0.36702,                 1.7622,                 1.9133,                 2.3818,             0.00026868,             0.00026868,             0.00026868
                    129,                0.45656,                0.45814,                 1.0466,                0.60422,                 0.6131,                  0.621,                0.36374,                    1.8,                 1.7382,                 2.4627,             0.00026514,             0.00026514,             0.00026514
                    130,                0.45585,                0.46748,                 1.0538,                0.75195,                0.56563,                0.64276,                0.38309,                 1.7469,                 1.8254,                 2.3804,             0.00026161,             0.00026161,             0.00026161
                    131,                0.44706,                0.46034,                 1.0406,                0.74022,                 0.5569,                0.63971,                0.37102,                 1.7494,                  1.914,                 2.3756,             0.00025808,             0.00025808,             0.00025808
                    132,                0.45581,                0.46293,                 1.0483,                0.75989,                0.48726,                0.63407,                 0.3889,                 1.7358,                 1.8508,                 2.3574,             0.00025454,             0.00025454,             0.00025454
                    133,                0.44731,                0.45038,                 1.0469,                0.77341,                0.52826,                0.63481,                0.36421,                 1.8485,                 1.7717,                 2.4944,             0.00025101,             0.00025101,             0.00025101
                    134,                 0.4438,                 0.4449,                 1.0424,                0.75664,                0.52844,                0.62712,                0.35964,                 1.8014,                 1.9565,                 2.5226,             0.00024747,             0.00024747,             0.00024747
                    135,                0.44343,                0.45492,                 1.0475,                0.78362,                0.47805,                0.60202,                0.34731,                 1.7731,                 1.9002,                 2.4645,             0.00024394,             0.00024394,             0.00024394
                    136,                0.43523,                  0.453,                 1.0393,                0.75664,                0.50733,                0.60596,                0.35805,                 1.7201,                 1.8904,                 2.3869,              0.0002404,              0.0002404,              0.0002404
                    137,                0.43066,                 0.4378,                  1.037,                0.76037,                0.49827,                0.60054,                0.35204,                 1.7712,                 2.0101,                 2.4673,             0.00023687,             0.00023687,             0.00023687
                    138,                0.44228,                0.45172,                 1.0411,                0.62242,                0.61294,                0.63323,                0.38602,                 1.7105,                 1.8189,                 2.3807,             0.00023334,             0.00023334,             0.00023334
                    139,                0.42917,                0.43737,                 1.0313,                0.71416,                 0.5561,                0.64836,                0.39099,                  1.706,                 1.8204,                 2.3996,              0.0002298,              0.0002298,              0.0002298
                    140,                0.42645,                0.44093,                 1.0368,                0.71285,                0.54427,                0.60149,                0.36373,                 1.6892,                 1.9038,                 2.3464,             0.00022627,             0.00022627,             0.00022627
                    141,                0.43128,                0.43991,                 1.0307,                0.68838,                0.54336,                 0.6201,                0.35725,                 1.7754,                 1.8097,                 2.4564,             0.00022273,             0.00022273,             0.00022273
                    142,                0.42157,                0.42128,                 1.0292,                0.74029,                0.54345,                0.60563,                0.36802,                 1.7824,                 1.7941,                 2.4258,              0.0002192,              0.0002192,              0.0002192
                    143,                0.42777,                0.43968,                 1.0349,                0.77298,                0.45724,                0.60333,                0.36373,                 1.7614,                 1.9295,                 2.4672,             0.00021566,             0.00021566,             0.00021566
                    144,                0.42271,                  0.423,                 1.0297,                0.63621,                0.62112,                 0.6369,                0.37212,                  1.715,                 1.8173,                 2.3703,             0.00021213,             0.00021213,             0.00021213
                    145,                0.40903,                0.41355,                 1.0234,                0.69314,                0.57067,                  0.629,                0.37678,                 1.7196,                 1.9402,                 2.4373,              0.0002086,              0.0002086,              0.0002086
                    146,                0.41251,                0.40638,                 1.0257,                0.69568,                0.55335,                0.62958,                0.38574,                 1.7296,                 1.9486,                 2.4268,             0.00020506,             0.00020506,             0.00020506
                    147,                0.40625,                0.41059,                 1.0182,                0.79509,                0.57191,                 0.6493,                0.39147,                 1.7295,                 1.8068,                 2.4619,             0.00020153,             0.00020153,             0.00020153
                    148,                0.41317,                0.42534,                 1.0228,                0.70367,                0.57684,                0.64533,                0.37536,                  1.734,                 2.0398,                 2.4838,             0.00019799,             0.00019799,             0.00019799
                    149,                0.40237,                0.40899,                 1.0151,                0.67816,                0.61383,                0.64521,                0.38515,                 1.8235,                 1.9703,                 2.5748,             0.00019446,             0.00019446,             0.00019446
                    150,                0.39856,                0.39929,                 1.0116,                0.75391,                0.53583,                0.63401,                0.38901,                 1.7202,                 1.9414,                   2.42,             0.00019092,             0.00019092,             0.00019092
                    151,                0.40259,                0.39938,                 1.0216,                0.68213,                0.61194,                0.63382,                0.37988,                 1.7898,                 1.9649,                  2.479,             0.00018739,             0.00018739,             0.00018739
                    152,                0.39745,                0.38988,                 1.0117,                0.61123,                0.59335,                0.61551,                0.37156,                 1.7443,                 2.0392,                  2.451,             0.00018385,             0.00018385,             0.00018385
                    153,                0.39589,                0.39409,                 1.0106,                0.62228,                0.55554,                0.60083,                0.36494,                 1.7429,                 2.0769,                 2.4614,             0.00018032,             0.00018032,             0.00018032
                    154,                0.39042,                0.38518,                 1.0088,                0.66329,                0.55437,                0.62072,                0.37621,                  1.771,                 1.8999,                 2.5293,             0.00017679,             0.00017679,             0.00017679
                    155,                0.39381,                0.39355,                 1.0109,                0.65728,                0.53648,                0.60159,                0.36377,                 1.7783,                 1.8984,                 2.5457,             0.00017325,             0.00017325,             0.00017325
                    156,                0.38736,                0.38552,                 1.0074,                0.71658,                0.53971,                0.61511,                0.36249,                 1.8045,                 1.8922,                 2.5576,             0.00016972,             0.00016972,             0.00016972
                    157,                0.39044,                0.39447,                 1.0098,                0.69996,                0.48148,                0.59063,                0.37171,                 1.7801,                 1.9526,                 2.5604,             0.00016618,             0.00016618,             0.00016618
                    158,                0.38203,                0.39216,                 1.0103,                0.66833,                0.52875,                0.59462,                0.36434,                 1.8178,                 2.0133,                 2.5589,             0.00016265,             0.00016265,             0.00016265
                    159,                0.38005,                0.37648,                 1.0018,                0.76155,                0.49593,                0.61235,                0.35392,                 1.8077,                 1.8996,                 2.5887,             0.00015911,             0.00015911,             0.00015911
                    160,                0.38296,                0.37125,                 1.0068,                0.81892,                 0.4805,                0.61441,                  0.354,                 1.7593,                 1.9109,                 2.5135,             0.00015558,             0.00015558,             0.00015558
                    161,                0.38556,                0.37403,                 1.0076,                0.74317,                0.49162,                0.58373,                0.35741,                 1.7857,                 2.0331,                  2.531,             0.00015205,             0.00015205,             0.00015205
